Displayname ,station_name,topic_heartbeat,topic_heartbeatPI5,topic_meter,topic_PowerModule,topic_Router,Number of Charger heads,topic_PLCData,collection_PowerModule,collection_Meter,collection_Router,collection_StatePLC,collection_HeartbeatFallingEdge,expectedPmHead1,expectedPmHead2,topic_fanRPM
26003,26003,OCPP/26003/heartbeat,OCPP/26003/heartbeatPI5,,,26003,2,OCPP/26003/PLC,,,26003,,,2,3,
26004,26004,OCPP/26004/heartbeat,OCPP/26004/heartbeatPI5,,,26004,2,OCPP/26004/PLC,,,26004,,26004,2,3,
26005,26005,OCPP/26005/heartbeat,OCPP/26005/heartbeatPI5,,,26005,2,OCPP/26005/PLC,,,26005,,,2,3,
26006,26006,OCPP/26006/heartbeat,OCPP/26006/heartbeatPI5,,,26006,2,OCPP/26006/PLC,,,26006,,,2,3,
7Eleven_Banklangmueang,7Eleven_Banklangmueang,OCPP/7Eleven_Banklangmueang/heartbeat,OCPP/7Eleven_Banklangmueang/heartbeatPI5,OCPP/7Eleven_Banklangmueang/meter,OCPP/7Eleven_Banklangmueang/PowerModule,7Eleven_Banklangmueang,2,OCPP/7Eleven_Banklangmueang/PLC,7Eleven_Banklangmueang,7Eleven_Banklangmueang,7Eleven_Banklangmueang,7Eleven_Banklangmueang,7Eleven_BanklangmueangHB,2,3,7Eleven_Banklangmueang/RPM
7Eleven_Latphrao126,7Eleven_Latphrao126,OCPP/7Eleven_Latphrao126/heartbeat,OCPP/7Eleven_Latphrao126/heartbeatPI5,OCPP/7Eleven_Latphrao126/meter,OCPP/7Eleven_Latphrao126/PowerModule,7Eleven_Latphrao126,2,OCPP/7Eleven_Latphrao126/PLC,7Eleven_Latphrao126,7Eleven_Latphrao126,7Eleven_Latphrao126,7Eleven_Latphrao126,7Eleven_Latphrao126HB,2,3,7Eleven_Latphrao126/RPM
7Eleven_YaekPinklao,7Eleven_YaekPinklao,OCPP/7Eleven_YaekPinklao/heartbeat,OCPP/7Eleven_YaekPinklao/heartbeatPI5,OCPP/7Eleven_YaekPinklao/meter,OCPP/7Eleven_YaekPinklao/PowerModule,7Eleven_YaekPinklao,2,OCPP/7Eleven_YaekPinklao/PLC,7Eleven_YaekPinklao,7Eleven_YaekPinklao,7Eleven_YaekPinklao,7Eleven_YaekPinklao,7Eleven_YaekPinklao,2,3,7Eleven_YaekPinklao/RPM
Amphawa1,Amphawa1,OCPP/amphawa/heartbeat,OCPP/Amphawa1/heartbeatPI5,OCPP/amphawa/meter,OCPP/Amphawa1/PowerModule,Amphawa1,2,OCPP/Amphawa1/PLC,Amphawa1,amphawa,Amphawa1,Amphawa1,amphawa,2,3,Amphawa1/RPM
Ayuthaya3,Ayuthaya3,OCPP/PT100_Ayuthaya3/heartbeat,OCPP/Ayuthaya3/heartbeatPI5,OCPP/PT100_Ayuthaya3/meter,OCPP/Ayuthaya3/PowerModule,Thaya3,2,OCPP/Ayuthaya3/PLC,Ayuthaya3,Ayuthaya3,Ayuthaya3,Ayuthaya3,Ayuthaya3,2,3,Ayuthaya3/RPM
Banbueng1,Banbueng1,OCPP/Banbueng1_DC_1/heartbeat,OCPP/Banbueng1/heartbeatPI5,OCPP/Banbueng1_DC_1/meter,OCPP/Banbueng1/PowerModule,Bueng1,2,OCPP/Banbueng1/PLC,Banbueng1,Banbueng1,Banbueng1,Banbueng1,Banbueng1,2,3,Banbueng1/RPM
Banbueng10,Banbueng10,OCPP/PT100_Banbueng10/heartbeat,OCPP/Banbueng10/heartbeatPI5,OCPP/PT100_Banbueng10/meter,OCPP/Banbueng10/PowerModule,Banbueng10,2,OCPP/Banbueng10/PLC,Banbueng10,Banbueng10,Banbueng10,Banbueng10,Banbueng10,2,3,Banbueng10/RPM
Banbueng9,Banbueng9,OCPP/Banbueng9_DC_1/heartbeat,OCPP/Banbueng9/heartbeatPI5,OCPP/Banbueng9_DC_1/meter,OCPP/Banbueng9/PowerModule,Banbueng9,2,OCPP/Banbueng9/PLC,Banbueng9,Banbueng9,Banbueng9,Banbueng9,Banbueng9,2,3,Banbueng9/RPM
BangBuaThong4,BangBuaThong4,OCPP/EleX_PT100_BangBuaThong4_1/heartbeat,OCPP/BangBuaThong4/heartbeatPI5,OCPP/EleX_PT100_BangBuaThong4_1/meter,OCPP/BangBuaThong4/PowerModule,BangBuaThong4,2,OCPP/BangBuaThong4/PLC,BangBuaThong4,BangBuaThong4,BangBuaThong4,BangBuaThong4,BangBuaThong4,2,3,BangBuaThong4/RPM
BangBuaThong9,BangBuaThong9,OCPP/Elex_BangBuaThong9_1/heartbeat,OCPP/BangBuaThong9/heartbeatPI5,OCPP/Elex_BangBuaThong9_1/meter,OCPP/BangBuaThong9/PowerModule,BangBuaThong9,2,OCPP/BangBuaThong9/PLC,BangBuaThong9,BangBuaThong9,BangBuaThong9,BangBuaThong9,BangBuaThong9,2,3,BangBuaThong9/RPM
BangBuaTong12,BangBuaTong12,OCPP/EleX_PT100_BangBuaTong12_DC_1/heartbeat,OCPP/BangBuaTong12/heartbeatPI5,OCPP/EleX_PT100_BangBuaTong12_DC_1/meter,OCPP/BangBuaTong12/PowerModule,Bangbuathong12,2,OCPP/BangBuaTong12/PLC,BangBuaTong12,BangBuaTong12,BangBuaTong12,BangBuaTong12,BangBuaTong12,2,3,Bangbuathong12/RPM
BangKhla4,BangKhla4,OCPP/PT100_BangKhla4/heartbeat,OCPP/BangKhla4/heartbeatPI5,OCPP/PT100_BangKhla4/meter,OCPP/BangKhla4/PowerModule,BangKhla4,2,OCPP/BangKhla4/PLC,BangKhla4,BangKhla4,BangKhla4,BangKhla4,BangKhla4,2,3,BangKhla4/RPM
BangKhunThian1,BangKhunThian1,OCPP/BangKhunThian1/heartbeat,OCPP/BangKhunThian1/heartbeatPI5,OCPP/BangKhunThian1/meter,OCPP/BangKhunThian1/PowerModule,BangKhunThian1,2,OCPP/BangKhunThian1/PLC,BangKhunThian1,BangKhunThian1,BangKhunThian1,BangKhunThian1,BangKhunThian1,2,3,BangKhunThian1/RPM
Banglamuung11,Banglamuung11,OCPP/Elex_PT_Banglamuung11_1/heartbeat,OCPP/Banglamuung11/heartbeatPI5,OCPP/Elex_PT_Banglamuung11_1/meter,OCPP/Banglamuung11/PowerModule,BangLamung11,2,OCPP/Banglamuung11/PLC,Banglamuung11,Banglamuung11,Banglamuung11,Banglamuung11,Banglamuung11,2,3,BangLamung11/RPM
BangnaTrad1,BangnaTrad1,OCPP/PT_BangnaTrad1/heartbeat,OCPP/BangnaTrad1/heartbeatPI5,OCPP/PT_BangnaTrad1/meter,OCPP/BangnaTrad1/PowerModule,Natrad1,2,OCPP/BangnaTrad1/PLC,BangnaTrad1,BangnaTrad1,BangnaTrad1,BangnaTrad1,BangnaTrad1,2,3,BangnaTrad1/RPM
BangnaTrad2,BangnaTrad2,OCPP/PT_BangnaTrad2/heartbeat,OCPP/BangnaTrad2/heartbeatPI5,OCPP/PT_BangnaTrad2/meter,OCPP/BangnaTrad2/PowerModule,BangnaTrad2,2,OCPP/BangnaTrad2/PLC,BangnaTrad2,BangnaTrad2,BangnaTrad2,BangnaTrad2,BangnaTrad2,2,3,BangnaTrad2/RPM
Bangpahan,Bangpahan,OCPP/Bangpahan/heartbeat,OCPP/Bangpahan/heartbeatPI5,OCPP/Bangpahan/meter,OCPP/Bangpahan/PowerModule,BangPahan,2,OCPP/Bangpahan/PLC,Bangpahan,Bangpahan,BangPahan,Bangpahan,Bangpahan,2,3,Bangpahan/RPM
BangPahan4,BangPahan4,OCPP/PT_BangPahan4/heartbeat,OCPP/BangPahan4/heartbeatPI5,OCPP/PT_BangPahan4/meter,OCPP/BangPahan4/PowerModule,Bangpahan4,2,OCPP/BangPahan4/PLC,BangPahan4,BangPahan4,Bangpahan4,BangPahan4,BangPahan4,2,3,Bangpahan4/RPM
BangPaIn3,BangPaIn3,OCPP/PT_BangPhain3/heartbeat,OCPP/BangPaIn3/heartbeatPI5,OCPP/PT_BangPhain3/meter,OCPP/BangPaIn3/PowerModule,BangPhain3,2,OCPP/BangPaIn3/PLC,BangPaIn3,BangPhain3,BangPaIn3,BangPaIn3,BangPaIn3,2,3,BangPaIn3/RPM
Bangpakong,Bangpakong,OCPP/Elex_PT_Bangpakong_1/heartbeat,OCPP/Bangpakong/heartbeatPI5,OCPP/Elex_PT_Bangpakong_1/meter,OCPP/Bangpakong/PowerModule,Bangpakong1,2,OCPP/Bangpakong/PLC,Bangpakong,Bangpakong_1,Bangpakong,Bangpakong,Bangpakong,2,3,Bangpakong1/RPM
Bangpakong3,Bangpakong3,OCPP/Bangpakong3/heartbeat,OCPP/Bangpakong3/heartbeatPI5,OCPP/Bangpakong3/meter,OCPP/Bangpakong3/PowerModule,Pa3,2,OCPP/Bangpakong3/PLC,Bangpakong3,Bangpakong3,Bangpakong3,Bangpakong3,Bangpakong3,2,3,Pa3/RPM
Bangphra2,Bangphra2,OCPP/Bangpha/heartbeat,OCPP/Bangphra2/heartbeatPI5,OCPP/Bangpha/meter,OCPP/Bangphra2/PowerModule,Bangphra2,2,OCPP/Bangphra2/PLC,Bangphra2,Bangpha,Bangphra2,Bangphra2,Bangphra2,2,3,Bangphra2/RPM
BangPhra3,BangPhra3,OCPP/PT100_BangPhra3/heartbeat,OCPP/BangPhra3/heartbeatPI5,OCPP/PT100_BangPhra3/meter,OCPP/BangPhra3/PowerModule,Bangpha3,2,OCPP/BangPhra3/PLC,BangPhra3,BangPhra3,BangPhra3,BangPhra3,BangPhra3,2,3,Bangpha3/RPM
Bangpokong2,Bangpokong2,OCPP/PT100_Bangpokong2/heartbeat,OCPP/Bangpokong2/heartbeatPI5,OCPP/PT100_Bangpokong2/meter,OCPP/Bangpokong2/PowerModule,Bangpokong2,2,OCPP/Bangpokong2/PLC,Bangpokong2,Bangpokong2,Bangpokong2,Bangpokong2,Bangpokong2,2,3,Bangpokong2/RPM
BangPra,BangPra,OCPP/BangPra/heartbeat,OCPP/BangPra/heartbeatPI5,OCPP/BangPra/meter,OCPP/BangPra/PowerModule,BangPra,2,OCPP/BangPra/PLC,BangPra,BangPra,BangPra,BangPra,BangPra,2,3,BangPra/RPM
BanKhai5,BanKhai5,OCPP/Elex_DC_PT_BanKhai5_1/heartbeat,OCPP/BanKhai5/heartbeatPI5,OCPP/Elex_DC_PT_BanKhai5_1/meter,OCPP/BanKhai5/PowerModule,BanKhai5,2,OCPP/BanKhai5/PLC,BanKhai5,BanKhai5,BanKhai5,BanKhai5,BanKhai5,2,3,BanKhai5/RPM
BanNaDoem,BanNaDoem,OCPP/BanNaDoem/heartbeat,OCPP/BanNaDoem/heartbeatPI5,OCPP/BanNaDoem/meter,OCPP/BanNaDoem/PowerModule,BanNaDoem,2,OCPP/BanNaDoem/PLC,BanNaDoem,BanNaDoem,BanNaDoem,BanNaDoem,BanNaDoem,2,3,BanNaDoem/RPM
BanphotPhisai3,BanphotPhisai3,OCPP/EleX_PT100_BanphotPhisai3_DC_1/heartbeat,OCPP/BanphotPhisai3/heartbeatPI5,OCPP/EleX_PT100_BanphotPhisai3_DC_1/meter,OCPP/BanphotPhisai3/PowerModule,BanphotPhisai3,2,OCPP/BanphotPhisai3/PLC,BanphotPhisai3,BanphotPhisai3,BanphotPhisai3,BanphotPhisai3,BanphotPhisai3,2,3,BanphotPhisai3/RPM
BanPo3,BanPo3,OCPP/Elex_PT_BanPo3_1/heartbeat,OCPP/BanPo3/heartbeatPI5,OCPP/Elex_PT_BanPo3_1/meter,OCPP/BanPo3/PowerModule,BanPo3,2,OCPP/BanPo3/PLC,BanPo3,BanPo3,BanPo3,BanPo3,BanPo3,2,3,BanPo3/RPM
BanTai,BanTai,OCPP/BanTai/heartbeat,OCPP/BanTai/heartbeatPI5,OCPP/BanTai/meter,OCPP/BanTai/PowerModule,BanTai,2,OCPP/BanTai/PLC,BanTai,BanTai,BanTai,BanTai,BanTai,2,3,BanTai/RPM
BanTak1,BanTak1,OCPP/Elex_DC_PT_BanTak1_1/heartbeat,OCPP/BanTak1/heartbeatPI5,OCPP/Elex_DC_PT_BanTak1_1/meter,OCPP/BanTak1/PowerModule,BanTak1,2,OCPP/BanTak1/PLC,BanTak1,BanTak1,BanTak1,BanTak1,BanTak1,2,3,BanTak1/RPM
BDMS_Pattaya,BDMS_Pattaya,OCPP/BDMS_Pattaya/heartbeat,OCPP/BDMS_Pattaya/heartbeatPI5,OCPP/BDMS_Pattaya/meter,OCPP/BDMS_Pattaya/PowerModule,BDMS_Pattaya,2,OCPP/BDMS_Pattaya/PLC,BDMS_Pattaya,BDMS_Pattaya,BDMS_Pattaya,BDMS_Pattaya,BDMS_Pattaya,2,3,BDMS_Pattaya/RPM
Borom2,Borom2,OCPP/Borom2/heartbeat,OCPP/Borom2/heartbeatPI5,OCPP/Borom2/meter,OCPP/Borom2/PowerModule,Borom2,2,OCPP/Borom2/PLC,Borom2,Borom2,Borom2,Borom2,Borom2HB,2,3,Borom2/RPM
BuengKum3,BuengKum3,OCPP/BuengKum3/heartbeat,OCPP/BuengKum3/heartbeatPI5,OCPP/BuengKum3/meter,OCPP/BuengKum3/PowerModule,BuengKum3,2,OCPP/BuengKum3/PLC,BuengKum3,BuengKum3,BuengKum3,BuengKum3,BuengKum3,2,3,BuengKum3/RPM
Chachoengsao10,Chachoengsao10,OCPP/Chachoengsao10/heartbeat,OCPP/Chachoengsao10/heartbeatPI5,OCPP/Chachoengsao10/meter,OCPP/Chachoengsao10/PowerModule,Chachoengsao10,2,OCPP/Chachoengsao10/PLC,Chachoengsao10,Chachoengsao10,Chachoengsao10,Chachoengsao10,Chachoengsao10,2,3,Chachoengsao10/RPM
Chachoengsao9,Chachoengsao9,OCPP/PT100_Chachoengsao9/heartbeat,OCPP/Chachoengsao9/heartbeatPI5,OCPP/PT100_Chachoengsao9/meter,OCPP/Chachoengsao9/PowerModule,Chachoengsao9,2,OCPP/Chachoengsao9/PLC,Chachoengsao9,Chachoengsao9,Chachoengsao9,Chachoengsao9,Chachoengsao9,2,3,Chachoengsao9/RPM
ChalongKrung1,ChalongKrung1,OCPP/Thanon_Chalong_Krung/heartbeat,OCPP/ChalongKrung1/heartbeatPI5,OCPP/Thanon_Chalong_Krung/meter,OCPP/ChalongKrung1/PowerModule,ChalongKrung1,2,OCPP/ChalongKrung1/PLC,ChalongKrung1,Thanon Chalong Krung,ChalongKrung1,ChalongKrung1,ChalongKrung1,2,3,ChalongKrung/RPM
ChalongKrung2,ChalongKrung2,OCPP/Elex_ChalongKrung2_1/heartbeat,OCPP/ChalongKrung2/heartbeatPI5,OCPP/Elex_ChalongKrung2_1/meter,OCPP/ChalongKrung2/PowerModule,ChalongKrung2,2,OCPP/ChalongKrung2/PLC,ChalongKrung2,ChalongKrung2,ChalongKrung2,ChalongKrung2,ChalongKrung2,2,3,ChalongKrung2/RPM
Chanthaburi,Chanthaburi,OCPP/PT_Chanthaburi_1/heartbeat,OCPP/Chanthaburi/heartbeatPI5,OCPP/PT_Chanthaburi_1/meter,OCPP/Chanthaburi/PowerModule,Chanthaburi,2,OCPP/Chanthaburi/PLC,Chanthaburi,Chanthaburi_1,Chanthaburi,Chanthaburi,Chanthaburi,2,3,Chanthaburi/RPM
CharoenRat,CharoenRat,OCPP/EleX_CharoenRat_1/heartbeat,OCPP/CharoenRat/heartbeatPI5,OCPP/EleX_CharoenRat_1/meter,OCPP/CharoenRat/PowerModule,CharoenRat,2,OCPP/CharoenRat/PLC,CharoenRat,CharoenRat_1,CharoenRat,CharoenRat,CharoenRat,2,3,CharoenRat/RPM
Chatturat,Chatturat,OCPP/PT_Chatturat/heartbeat,OCPP/Chatturat/heartbeatPI5,OCPP/PT_Chatturat/meter,OCPP/Chatturat/PowerModule,Chatturat,2,OCPP/Chatturat/PLC,Chatturat,Chatturat,Chatturat,Chatturat,Chatturat,2,3,Chatturat/RPM
Chiangmai1,Chiangmai1,OCPP/Chiangmai1/heartbeat,OCPP/Chiangmai1/heartbeatPI5,OCPP/Chiangmai1/meter,OCPP/Chiangmai1/PowerModule,Chiangmai1,2,OCPP/Chiangmai1/PLC,Chiangmai1,Chiangmai1,Chiangmai1,Chiangmai1,Chiangmai1,2,3,Chiangmai1/RPM
Chiangrai7,Chiangrai7,OCPP/Elex_PT_Chiangrai7_1/heartbeat,OCPP/Chiangrai7/heartbeatPI5,OCPP/Elex_PT_Chiangrai7_1/meter,OCPP/Chiangrai7/PowerModule,Chiangrai7,2,OCPP/Chiangrai7/PLC,Chiangrai7,Chiangrai7,Chiangrai7,Chiangrai7,Chiangrai7,2,3,Chiangrai7/RPM
EDS_Wangnoi,EDS_Wangnoi,OCPP/W_N/heartbeat,OCPP/EDS_Wangnoi/heartbeatPI5,OCPP/W_N/meter,OCPP/EDS_Wangnoi/PowerModule,WNTEP,2,OCPP/EDS_Wangnoi/PLC,EDS_Wangnoi,W_N,EDS_Wangnoi,EDS_Wangnoi,EDS_Wangnoi,2,3,EDS_Wangnoi/RPM
EGCO,EGCO,OCPP/EGCO/heartbeat,OCPP/EGCO/heartbeatPI5,OCPP/EGCO/meter,OCPP/EGCO/PowerModule,ESCO,2,OCPP/EGCO/PLC,EGCO,EGCO,EGCO,EGCO,EGCO,2,3,EGCO/RPM
Hangchat2,Hangchat2,OCPP/Elex_PT_Hangchat2_1/heartbeat,OCPP/Hangchat2/heartbeatPI5,OCPP/Elex_PT_Hangchat2_1/meter,OCPP/Hangchat2/PowerModule,Hangchat2,2,OCPP/Hangchat2/PLC,Hangchat2,Hangchat2,Hangchat2,Hangchat2,Hangchat2,2,3,Hangchat2/RPM
HangDong7,HangDong7,OCPP/PT100_HangDong7/heartbeat,OCPP/HangDong7/heartbeatPI5,OCPP/PT100_HangDong7/meter,OCPP/HangDong7/PowerModule,HangDong,2,OCPP/HangDong7/PLC,HangDong7,HangDong7,HangDong7,HangDong7,HangDong7,2,3,HangDong/RPM
HomePro_Hatyai1,HomePro_Hatyai1,OCPP/HomePro_Hatyai1/heartbeat,OCPP/HomePro_Hatyai1/heartbeatPI5,OCPP/HomePro_Hatyai1/meter,OCPP/HomePro_Hatyai1/PowerModule,HomePro_Hatyai1,2,OCPP/HomePro_Hatyai1/PLC,HomePro_Hatyai1,HomePro_Hatyai1,HomePro_Hatyai1,HomePro_Hatyai1,HomePro_Hatyai1,2,3,HomePro_Hatyai1/RPM
Homepro_LatKrabang,Homepro_LatKrabang,OCPP/Homepro_LatKrabang/heartbeat,OCPP/Homepro_LatKrabang/heartbeatPI5,OCPP/Homepro_LatKrabang/meter,OCPP/Homepro_LatKrabang/PowerModule,Homepro_LatKrabang,2,OCPP/Homepro_LatKrabang/PLC,Homepro_LatKrabang,Homepro_LatKrabang,Homepro_LatKrabang,Homepro_LatKrabang,Homepro_LatKrabang,2,3,Homepro_LatKrabang/RPM
HomePro_Nakhonratchasima1,HomePro_Nakhonratchasima1,OCPP/HomePro_Nakhonratchasima1/heartbeat,OCPP/HomePro_Nakhonratchasima1/heartbeatPI5,OCPP/HomePro_Nakhonratchasima1/meter,OCPP/HomePro_Nakhonratchasima1/PowerModule,HomePro_Nakhonratchasima1,2,OCPP/HomePro_Nakhonratchasima1/PLC,HomePro_Nakhonratchasima1,HomePro_Nakhonratchasima1,HomePro_Nakhonratchasima1,HomePro_Nakhonratchasima1,HomePro_Nakhonratchasima1,2,3,HomePro_Nakhonratchasima1/RPM
HomePro_Sukhothai1,HomePro_Sukhothai1,OCPP/HomePro_Sukhothai1/heartbeat,OCPP/HomePro_Sukhothai1/heartbeatPI5,OCPP/HomePro_Sukhothai1/meter,OCPP/HomePro_Sukhothai1/PowerModule,HomePro_Sukhothai1,2,OCPP/HomePro_Sukhothai1/PLC,HomePro_Sukhothai1,HomePro_Sukhothai1,HomePro_Sukhothai1,HomePro_Sukhothai1,HomePro_Sukhothai1,2,3,HomePro_Sukhothai1/RPM
HuaiPhueng,HuaiPhueng,OCPP/PT_HuaiPhueng/heartbeat,OCPP/HuaiPhueng/heartbeatPI5,OCPP/PT_HuaiPhueng/meter,OCPP/HuaiPhueng/PowerModule,HuaiPhueng1,2,OCPP/HuaiPhueng/PLC,HuaiPhueng,HuaiPhueng,HuaiPhueng,HuaiPhueng,HuaiPhueng,2,3,HuaiPhueng1/RPM
ImpactNovotel,ImpactNovotel,OCPP/ImpactNovotel/heartbeat,OCPP/ImpactNovotel/heartbeatPI5,OCPP/ImpactNovotel/meter,OCPP/ImpactNovotel/PowerModule,ImpactNovotel,2,OCPP/ImpactNovotel/PLC,ImpactNovotel,ImpactNovotel,ImpactNovotel,ImpactNovotel,ImpactNovotelHB,2,3,ImpactNovotel/RPM
JPARK1,JPARK1,OCPP/Parking_JPARK1/heartbeat,OCPP/JPARK1/heartbeatPI5,OCPP/Parking_JPARK1/meter,OCPP/JPARK1/PowerModule,JPARK1,2,OCPP/JPARK1/PLC,JPARK1,Parking_JPARK1,JPARK1,JPARK1,JPARK1,2,3,JPARK1/RPM
KabinBuri7,KabinBuri7,OCPP/PT_KabinBuri7/heartbeat,OCPP/KabinBuri7/heartbeatPI5,OCPP/PT_KabinBuri7/meter,OCPP/KabinBuri7/PowerModule,KabinBuri7,2,OCPP/KabinBuri7/PLC,KabinBuri7,KabinBuri7,Kabinburi7,KabinBuri7,KabinBuri7,2,3,KabinBuri7/RPM
KabinBuri9,KabinBuri9,OCPP/Elex_PT_KabinBuri9_1/heartbeat,OCPP/KabinBuri9/heartbeatPI5,OCPP/Elex_PT_KabinBuri9_1/meter,OCPP/KabinBuri9/PowerModule,KabinBuri9,2,OCPP/KabinBuri9/PLC,KabinBuri9,KabinBuri9,KabinBuri9,KabinBuri9,KabinBuri9,2,3,KabinBuri9/RPM
KaengKhoi2,KaengKhoi2,OCPP/Elex_PT_KaengKhoi2_1/heartbeat,OCPP/KaengKhoi2/heartbeatPI5,OCPP/Elex_PT_KaengKhoi2_1/meter,OCPP/KaengKhoi2/PowerModule,KaengKhoi2,2,OCPP/KaengKhoi2/PLC,KaengKhoi2,KaengKhoi2,KaengKhoi2,KaengKhoi2,KaengKhoi2,2,3,KaengKhoi2/RPM
KamphaengPhet,KamphaengPhet,OCPP/Elex_PT_KamphaengPhet_1/heartbeat,OCPP/KamphaengPhet/heartbeatPI5,OCPP/Elex_PT_KamphaengPhet_1/meter,OCPP/KamphaengPhet/PowerModule,KamphaengPhet,2,OCPP/KamphaengPhet/PLC,KamphaengPhet,KamphaengPhet_1,KamphaengPhet,KamphaengPhet,KamphaengPhet,2,3,KamphaengPhet/RPM
KamphaengPhet2,KamphaengPhet2,OCPP/Elex_PT_KamphaengPhet2_1/heartbeat,OCPP/KamphaengPhet2/heartbeatPI5,OCPP/Elex_PT_KamphaengPhet2_1/meter,OCPP/KamphaengPhet2/PowerModule,KamphaengPhet2,2,OCPP/KamphaengPhet2/PLC,KamphaengPhet2,KamphaengPhet2,KamphaengPhet2,KamphaengPhet2,KamphaengPhet2,2,3,KamphaengPhet2/RPM
Kanchanapisek1,Kanchanapisek1,OCPP/EleX_PT100_Kanchanapisek1_DC_1/heartbeat,OCPP/Kanchanapisek1/heartbeatPI5,OCPP/EleX_PT100_Kanchanapisek1_DC_1/meter,OCPP/Kanchanapisek1/PowerModule,Kanchanapisek1,2,OCPP/Kanchanapisek1/PLC,Kanchanapisek1,Kanchanapisek1,Kanchanapisek1,Kanchanapisek1,Kanchanapisek1,2,3,Kanchanapisek1/RPM
Kanchanapisek2,Kanchanapisek2,OCPP/Kanchanapisek2/heartbeat,OCPP/Kanchanapisek2/heartbeatPI5,OCPP/Kanchanapisek2/meter,OCPP/Kanchanapisek2/PowerModule,Kanchanapisek2,2,OCPP/Kanchanapisek2/PLC,Kanchanapisek2,Kanchanapisek2,Kanchanapisek2,Kanchanapisek2,Kanchanapisek2,2,3,Kanchanapisek2/RPM
KhaoKhansong,KhaoKhansong,OCPP/PT100_KhaoKhansong/heartbeat,OCPP/KhaoKhansong/heartbeatPI5,OCPP/PT100_KhaoKhansong/meter,OCPP/KhaoKhansong/PowerModule,Khaokhansong,2,OCPP/KhaoKhansong/PLC,KhaoKhansong,KhaoKhansong,KhaoKhansong,KhaoKhansong,KhaoKhansong,2,3,Khaokhansong/RPM
KhaoYoi,KhaoYoi,OCPP/KhaoYoi/heartbeat,OCPP/KhaoYoi/heartbeatPI5,OCPP/KhaoYoi/meter,OCPP/KhaoYoi/PowerModule,KhaoYoi,2,OCPP/KhaoYoi/PLC,KhaoYoi,KhaoYoi,KhaoYoi,KhaoYoi,KhaoYoi,2,3,KhaoYoi/RPM
KhlongLuang6,KhlongLuang6,OCPP/PT100_Klongluang6/heartbeat,OCPP/KhlongLuang6/heartbeatPI5,OCPP/PT100_Klongluang6/meter,OCPP/KhlongLuang6/PowerModule,Luang6,2,OCPP/KhlongLuang6/PLC,KhlongLuang6,Klongluang6,KhlongLuang6,KhlongLuang6,KhlongLuang6,2,3,Luang6/RPM
KingKaew2,KingKaew2,OCPP/Elex_KingKaew2_1/heartbeat,OCPP/KingKaew2/heartbeatPI5,OCPP/Elex_KingKaew2_1/meter,OCPP/KingKaew2/PowerModule,KingKaew2,2,OCPP/KingKaew2/PLC,KingKaew2,KingKaew2,KingKaew2,KingKaew2,KingKaew2,2,3,KingKaew2/RPM
Klaeng11,Klaeng11,OCPP/PT100_Klaeng11_DC_1/heartbeat,OCPP/Klaeng11/heartbeatPI5,OCPP/PT100_Klaeng11_DC_1/meter,OCPP/Klaeng11/PowerModule,Klaeng11,2,OCPP/Klaeng11/PLC,Klaeng11,Klaeng11,Klaeng11,Klaeng11,Klaeng11,2,3,Klaeng11/RPM
Klaeng12,Klaeng12,OCPP/Klaeng12/heartbeat,OCPP/Klaeng12/heartbeatPI5,OCPP/Klaeng12/meter,OCPP/Klaeng12/PowerModule,Klaeng12,2,OCPP/Klaeng12/PLC,Klaeng12,Klaeng12,Klaeng12,Klaeng12,Klaeng12,2,3,Klaeng12/RPM
Klong4,Klong4,OCPP/PT_Klong4/heartbeat,OCPP/Klong4/heartbeatPI5,OCPP/PT_Klong4/meter,OCPP/Klong4/PowerModule,Klong4,2,OCPP/Klong4/PLC,Klong4,Klong4,Klong4,Klong4,Klong4,2,3,Klong4/RPM
Klongluang10,Klongluang10,OCPP/PT100_Klongluang10_DC_1/heartbeat,OCPP/Klongluang10/heartbeatPI5,OCPP/PT100_Klongluang10_DC_1/meter,OCPP/Klongluang10/PowerModule,KhlongLueng10,2,OCPP/Klongluang10/PLC,Klongluang10,Klongluang10,Klongluang10,Klongluang10,Klongluang10,2,3,KhlongLueng10/RPM
Klongluang3,Klongluang3,OCPP/PT100_Klongluang3/heartbeat,OCPP/Klongluang3/heartbeatPI5,OCPP/PT100_Klongluang3/meter,OCPP/Klongluang3/PowerModule,Luang3,2,OCPP/Klongluang3/PLC,Klongluang3,Klongluang3,Klongluang3,Klongluang3,Klongluang3,2,3,Klongluang3/RPM
Klongluang4,Klongluang4,OCPP/PT100_Klongluang4/heartbeat,OCPP/Klongluang4/heartbeatPI5,OCPP/PT100_Klongluang4/meter,OCPP/Klongluang4/PowerModule,Lung4,2,OCPP/Klongluang4/PLC,Klongluang4,Klongluang4,Klongluang4,Klongluang4,Klongluang4,2,3,Klongluang4/RPM
KrokPhra2,KrokPhra2,OCPP/PT100_KrokPhra2/heartbeat,OCPP/KrokPhra2/heartbeatPI5,OCPP/PT100_KrokPhra2/meter,OCPP/KrokPhra2/PowerModule,KrokPhra2,2,OCPP/KrokPhra2/PLC,KrokPhra2,KrokPhra2,KrokPhra2,KrokPhra2,KrokPhra2,2,3,KrokPhra2/RPM
KrungthepKreetha2,KrungthepKreetha2,OCPP/KrungthepKreetha2/heartbeat,OCPP/KrungthepKreetha2/heartbeatPI5,OCPP/KrungthepKreetha2/meter,OCPP/KrungthepKreetha2/PowerModule,Kitha2,2,OCPP/KrungthepKreetha2/PLC,KrungthepKreetha2,KrungthepKreetha2,KrungthepKreetha2,KrungthepKreetha2,Kreetha2,2,3,KrungthepKreetha2/RPM
KuiBuri,KuiBuri,OCPP/KuiBuri/heartbeat,OCPP/KuiBuri/heartbeatPI5,OCPP/KuiBuri/meter,OCPP/KuiBuri/PowerModule,KuiBuri,2,OCPP/KuiBuri/PLC,KuiBuri,KuiBuri,KuiBuri,KuiBuri,KuiBuri,2,3,KuiBuri/RPM
KungPhatthana,KungPhatthana,OCPP/KungPhatthana/heartbeat,OCPP/KungPhatthana/heartbeatPI5,OCPP/KungPhatthana/meter,OCPP/KungPhatthana/PowerModule,KungPhatthana,2,OCPP/KungPhatthana/PLC,KungPhatthana,KungPhatthana,KungPhatthana,KungPhatthana,KungPhatthana,2,3,KungPhatthana/RPM
Lamae3,Lamae3,OCPP/Elex_PT_Lamae3_1/heartbeat,OCPP/Lamae3/heartbeatPI5,OCPP/Elex_PT_Lamae3_1/meter,OCPP/Lamae3/PowerModule,Lamae3,2,OCPP/Lamae3/PLC,Lamae3,Lamae3,Lamae3,Lamae3,Lamae3,2,3,Lamae3/RPM
LamLukKa8,LamLukKa8,OCPP/Elex_PT_LamLukKa8_1/heartbeat,OCPP/LamLukKa8/heartbeatPI5,OCPP/Elex_PT_LamLukKa8_1/meter,OCPP/LamLukKa8/PowerModule,LamLukKa8,2,OCPP/LamLukKa8/PLC,LatLumKaeo6,LamLukKa8,LamLukKa8,LamLukKa8,LamLukKa8,2,3,LamLukKa8/RPM
lamphun2,lamphun2,OCPP/lamphun2/heartbeat,OCPP/lamphun2/heartbeatPI5,OCPP/lamphun2/meter,OCPP/lamphun2/PowerModule,Lamphun2,2,OCPP/lamphun2/PLC,lamphun2,lamphun2,Lamphun2,lamphun2,lamphun2,2,3,Lamphun2/RPM
Latkrabang6,Latkrabang6,OCPP/Elex_Latkrabang6_1/heartbeat,OCPP/Latkrabang6/heartbeatPI5,OCPP/Elex_Latkrabang6_1/meter,OCPP/Latkrabang6/PowerModule,Latkrabang6,2,OCPP/Latkrabang6/PLC,Latkrabang6,Latkrabang6,Latkrabang6,Latkrabang6,Latkrabang6,2,3,Latkrabang6/RPM
LatLumKaeo6,LatLumKaeo6,OCPP/Elex_PT_LatLumKaeo6_1/heartbeat,OCPP/LatLumKaeo6/heartbeatPI5,OCPP/Elex_PT_LatLumKaeo6_1/meter,OCPP/LatLumKaeo6/PowerModule,LatLumKaeo6,2,OCPP/LatLumKaeo6/PLC,LatLumKaeo6,LatLumKaeo6,LatLumKaeo6,LatLumKaeo6,LatLumKaeo6,2,3,LatLumKaeo6/RPM
LatPhraoWangHin1,LatPhraoWangHin1,OCPP/LatPhraoWangHin1/heartbeat,OCPP/LatPhraoWangHin1/heartbeatPI5,OCPP/LatPhraoWangHin1/meter,OCPP/LatPhraoWangHin1/PowerModule,LatPhraoWangHin1,2,OCPP/LatPhraoWangHin1/PLC,LatPhraoWangHin1,LatPhraoWangHin1,LatPhraoWangHin1,LatPhraoWangHin1,LatPhraoWangHin1,2,3,LatPhraoWangHin1/RPM
LatPhraoWangHin2,LatPhraoWangHin2,OCPP/LatPhraoWangHin2/heartbeat,OCPP/LatPhraoWangHin2/heartbeatPI5,OCPP/LatPhraoWangHin2/meter,OCPP/LatPhraoWangHin2/PowerModule,LatPhraoWangHin2,2,OCPP/LatPhraoWangHin2/PLC,LatPhraoWangHin2,LatPhraoWangHin2,LatPhraoWangHin2,LatPhraoWangHin2,LatPhraoWangHin2,2,3,LatPhraoWangHin2/RPM
LatPhraoWangHin3,LatPhraoWangHin3,OCPP/LatPhraoWangHin3/heartbeat,OCPP/LatPhraoWangHin3/heartbeatPI5,OCPP/LatPhraoWangHin3/meter,OCPP/LatPhraoWangHin3/PowerModule,LatPhraoWangHin3,2,OCPP/LatPhraoWangHin3/PLC,LatPhraoWangHin3,LatPhraoWangHin3,LatPhraoWangHin3,LatPhraoWangHin3,LatPhraoWangHin3,2,3,LatPhraoWangHin3/RPM
LatPhraoWangHin4,LatPhraoWangHin4,OCPP/LatPhraoWangHin4/heartbeat,OCPP/LatPhraoWangHin4/heartbeatPI5,OCPP/LatPhraoWangHin4/meter,OCPP/LatPhraoWangHin4/PowerModule,LatPhraoWangHin4,2,OCPP/LatPhraoWangHin4/PLC,LatPhraoWangHin4,LatPhraoWangHin4,LatPhraoWangHin4,LatPhraoWangHin4,LatPhraoWangHin4,2,3,LatPhraoWangHin4/RPM
LatPhraoWangHin5,LatPhraoWangHin5,OCPP/LatPhraoWangHin5/heartbeat,OCPP/LatPhraoWangHin5/heartbeatPI5,OCPP/LatPhraoWangHin5/meter,OCPP/LatPhraoWangHin5/PowerModule,LatPhraoWangHin5,2,OCPP/LatPhraoWangHin5/PLC,LatPhraoWangHin5,LatPhraoWangHin5,LatPhraoWangHin5,LatPhraoWangHin5,LatPhraoWangHin5,2,3,LatPhraoWangHin5/RPM
LatPlaDuk2,LatPlaDuk2,OCPP/Ladpladuk2/heartbeat,OCPP/LatPlaDuk2/heartbeatPI5,OCPP/Ladpladuk2/meter,OCPP/LatPlaDuk2/PowerModule,Ladpladuk,2,OCPP/LatPlaDuk2/PLC,LatPlaDuk2,Ladpladuk2,LatPlaDuk2,LatPlaDuk2,LatPlaDuk2,2,3,Ladpladuk/RPM
LiangMuangChon1,LiangMuangChon1,OCPP/LiangMuangChon1/heartbeat,OCPP/LiangMuangChon1/heartbeatPI5,OCPP/LiangMuangChon1/meter,OCPP/LiangMuangChon1/PowerModule,MChon1,2,OCPP/LiangMuangChon1/PLC,LiangMuangChon1,LiangMuangChon1,LiangMuangChon1,LiangMuangChon1,LiangMuangChon1,2,3,LiangMuangChon1/RPM
LTK1,LTK1,OCPP/LTK1/heartbeat,OCPP/LTK1/heartbeatPI5,OCPP/LTK1/meter,OCPP/LTK1/PowerModule,LTK1,2,OCPP/LTK1/PLC,LTK1,LTK1,LTK1,LTK1,LTK1,2,3,LTK1/RPM
MaeChan,MaeChan,OCPP/Elex_DC_PT_MaeChan_1/heartbeat,OCPP/MaeChan/heartbeatPI5,OCPP/Elex_DC_PT_MaeChan_1/meter,OCPP/MaeChan/PowerModule,MaeChan,2,OCPP/MaeChan/PLC,MaeChan,MaeChan_1,MaeChan,MaeChan,MaeChan,2,3,MaeChan/RPM
MahaSarakham,MahaSarakham,OCPP/PT_MahaSarakham/heartbeat,OCPP/MahaSarakham/heartbeatPI5,OCPP/PT_MahaSarakham/meter,OCPP/MahaSarakham/PowerModule,MahaSarakham,2,OCPP/MahaSarakham/PLC,MahaSarakham,MahaSarakham,MahaSarakham,MahaSarakham,MahaSarakham,2,3,MahaSarakham/RPM
MahaSarakham1,MahaSarakham1,OCPP/MahaSarakham1/heartbeat,OCPP/MahaSarakham1/heartbeatPI5,OCPP/MahaSarakham1/meter,OCPP/MahaSarakham1/PowerModule,Mahasarakam21,2,OCPP/MahaSarakham1/PLC,MahaSarakham1,MahaSarakham1,MahaSarakham1,MahaSarakham1,MahaSarakham1,2,3,Mahasarakam21/RPM
MahaSarakham2,MahaSarakham2,OCPP/MahaSarakham2/heartbeat,OCPP/MahaSarakham2/heartbeatPI5,OCPP/MahaSarakham2/meter,OCPP/MahaSarakham2/PowerModule,Mahasarakam22,2,OCPP/MahaSarakham2/PLC,MahaSarakham2,MahaSarakham2,MahaSarakham2,MahaSarakham2,MahaSarakham2,2,3,Mahasarakam22/RPM
Manorom2,Manorom2,OCPP/Elex_DC_PT_Manorom2_1/heartbeat,OCPP/Manorom2/heartbeatPI5,OCPP/Elex_DC_PT_Manorom2_1/meter,OCPP/Manorom2/PowerModule,Manorom2,2,OCPP/Manorom2/PLC,Manorom2,Manorom2,Manorom2,Manorom2,Manorom2,2,3,Manorom2/RPM
Mukdahan1,Mukdahan1,OCPP/Mukdahan1/heartbeat,OCPP/Mukdahan1/heartbeatPI5,OCPP/Mukdahan1/meter,OCPP/Mukdahan1/PowerModule,Mukdahan1,2,OCPP/Mukdahan1/PLC,Mukdahan1,Mukdahan1,Mukdahan1,Mukdahan1,Mukdahan1,2,3,Mukdahan1/RPM
NakhonChaiSi11_1,NakhonChaiSi11_1,OCPP/NakhonChaiSi11_1/heartbeat,OCPP/NakhonChaiSi11_1/heartbeatPI5,OCPP/NakhonChaiSi11_1/meter,OCPP/NakhonChaiSi11_1/PowerModule,NakhonChaiSi11_1,2,OCPP/NakhonChaiSi11_1/PLC,NakhonChaiSi11_1,NakhonChaiSi11_1,NakhonChaiSi11_1,NakhonChaiSi11_1,NakhonChaiSi11_1HB,2,3,NakhonChaiSi11_1/RPM
NakhonChaiSi11_2,NakhonChaiSi11_2,OCPP/NakhonChaiSi11_2/heartbeat,OCPP/NakhonChaiSi11_2/heartbeatPI5,OCPP/NakhonChaiSi11_2/meter,OCPP/NakhonChaiSi11_2/PowerModule,NakhonChaiSi11_2,2,OCPP/NakhonChaiSi11_2/PLC,NakhonChaiSi11_2,NakhonChaiSi11_2,NakhonChaiSi11_2,NakhonChaiSi11_2,NakhonChaiSi11_2HB,2,3,NakhonChaiSi11_2/RPM
NakhonChaiSi11_3,NakhonChaiSi11_3,OCPP/NakhonChaiSi11_3/heartbeat,OCPP/NakhonChaiSi11_3/heartbeatPI5,OCPP/NakhonChaiSi11_3/meter,OCPP/NakhonChaiSi11_3/PowerModule,NakhonChaiSi11_3,2,OCPP/NakhonChaiSi11_3/PLC,NakhonChaiSi11_3,NakhonChaiSi11_3,NakhonChaiSi11_3,NakhonChaiSi11_3,NakhonChaiSi11_3HB,2,3,NakhonChaiSi11_3/RPM
NakhonLuang4,NakhonLuang4,OCPP/NakhonLuang4/heartbeat,OCPP/NakhonLuang4/heartbeatPI5,OCPP/NakhonLuang4/meter,OCPP/NakhonLuang4/PowerModule,NakhonLuang4,2,OCPP/NakhonLuang4/PLC,NakhonLuang4,NakhonLuang4,NakhonLuang4,NakhonLuang4,NakhonLuang4,2,3,NakhonLuang4/RPM
NakhonPathom9,NakhonPathom9,OCPP/PT_NakhonPathom9/heartbeat,OCPP/NakhonPathom9/heartbeatPI5,OCPP/PT_NakhonPathom9/meter,OCPP/NakhonPathom9/PowerModule,Pathom9,2,OCPP/NakhonPathom9/PLC,NakhonPathom9,NakhonPathom9,NakhonPathom9,NakhonPathom9,NakhonPathom9,2,3,NakhonPathom9/RPM
Nakhonratchasima12,Nakhonratchasima12,OCPP/Elex_PT_Nakhonratchasima12_1/heartbeat,OCPP/Nakhonratchasima12/heartbeatPI5,OCPP/Elex_PT_Nakhonratchasima12_1/meter,OCPP/Nakhonratchasima12/PowerModule,Nakhonratchasima12,2,OCPP/Nakhonratchasima12/PLC,Nakhonratchasima12,Nakhonratchasima12,Nakhonratchasima12,Nakhonratchasima12,Nakhonratchasima12,2,3,Nakhonratchasima12/RPM
NakhonRatchasima8,NakhonRatchasima8,OCPP/PT100_NakhonRatchasima8/heartbeat,OCPP/NakhonRatchasima8/heartbeatPI5,OCPP/PT100_NakhonRatchasima8/meter,OCPP/NakhonRatchasima8/PowerModule,Sima8,2,OCPP/NakhonRatchasima8/PLC,NakhonRatchasima8,NakhonRatchasima8,NakhonRatchasima8,NakhonRatchasima8,NakhonRatchasima8,2,3,NakhonRatchasima8/RPM
NakhonSawan2,NakhonSawan2,OCPP/NakhonSawan2/heartbeat,OCPP/NakhonSawan2/heartbeatPI5,OCPP/NakhonSawan2/meter,OCPP/NakhonSawan2/PowerModule,NakhonSawan2,2,OCPP/NakhonSawan2/PLC,NakhonSawan2,NakhonSawan2,NakhonSawan2,NakhonSawan2,NakhonSawan2,2,3,NakhonSawan2/RPM
NamPhong,NamPhong,OCPP/NamPhong_1/heartbeat,OCPP/NamPhong/heartbeatPI5,OCPP/NamPhong_1/meter,OCPP/NamPhong/PowerModule,NamPhong,2,OCPP/NamPhong/PLC,NamPhong,NamPhong_1,NamPhong,NamPhong,NamPhong_1,2,3,NamPhong/RPM
Nhao,Nhao,OCPP/PT_Nhao_1/heartbeat,OCPP/Nhao/heartbeatPI5,OCPP/PT_Nhao_1/meter,OCPP/Nhao/PowerModule,Nhao,2,OCPP/Nhao/PLC,Nhao,Nhao_1,Nhao,Nhao,Nhao,2,3,Nhao/RPM
Nikompattana5,Nikompattana5,OCPP/PT100_Nikompattana5/heartbeat,OCPP/Nikompattana5/heartbeatPI5,OCPP/PT100_Nikompattana5/meter,OCPP/Nikompattana5/PowerModule,Pattana5,2,OCPP/Nikompattana5/PLC,Nikompattana5,Nikompattana5,Nikompattana5,Nikompattana5,Nikompattana5,2,3,Nikompattana5/RPM
NimitMai2,NimitMai2,OCPP/PT100_NimitMai2_DC_1/heartbeat,OCPP/NimitMai2/heartbeatPI5,OCPP/PT100_NimitMai2_DC_1/meter,OCPP/NimitMai2/PowerModule,NimitMai2,2,OCPP/NimitMai2/PLC,NimitMai2,NimitMai2,NimitMai2,NimitMai2,NimitMai2,2,3,NimitMai2/RPM
NongBunMak2,NongBunMak2,OCPP/PT_NONGBUNMAK2/heartbeat,OCPP/NongBunMak2/heartbeatPI5,OCPP/PT_NONGBUNMAK2/meter,OCPP/NongBunMak2/PowerModule,NongBunmak2,2,OCPP/NongBunMak2/PLC,NongBunMak2,NONGBUNMAK2,NongBunMak2,NongBunMak2,NongBunMak2,2,3,NongBunMak2/RPM
NongKhae,NongKhae,OCPP/NongKgae1/heartbeat,OCPP/NongKhae/heartbeatPI5,OCPP/NongKgae1/meter,OCPP/NongKhae/PowerModule,NongKhae1,2,OCPP/NongKhae/PLC,NongKhae,NongKgae1,NongKhae1,NongKhae,NongKhae,2,3,NongKhae/RPM
NongKhae5,NongKhae5,OCPP/PT100_NongKhae5/heartbeat,OCPP/NongKhae5/heartbeatPI5,OCPP/PT100_NongKhae5/meter,OCPP/NongKhae5/PowerModule,NonKhae5,2,OCPP/NongKhae5/PLC,NongKhae5,NongKhae5,NongKhae5,NongKhae5,NongKhae5,2,3,NonKhae5/RPM
NongKhaem,NongKhaem,OCPP/NongKhaem/heartbeat,OCPP/NongKhaem/heartbeatPI5,OCPP/NongKhaem/meter,OCPP/NongKhaem/PowerModule,NongKhaem,2,OCPP/NongKhaem/PLC,NongKhaem,NongKhaem,NongKhaem,NongKhaem,NongKhaem,2,3,NongKhaem/RPM
Nongki,Nongki,OCPP/Elex_DC_PT_Nongki_1/heartbeat,OCPP/Nongki/heartbeatPI5,OCPP/Elex_DC_PT_Nongki_1/meter,OCPP/Nongki/PowerModule,Nongki,2,OCPP/Nongki/PLC,Nongki,Nongki_1,Nongki,Nongki,Nongki,2,3,Nongki/RPM
NongRuea4,NongRuea4,OCPP/Elex_PT_NongRuea4_1/heartbeat,OCPP/NongRuea4/heartbeatPI5,OCPP/Elex_PT_NongRuea4_1/meter,OCPP/NongRuea4/PowerModule,NongRuea4,2,OCPP/NongRuea4/PLC,NongRuea4,NongRuea4,NongRuea4,NongRuea4,NongRuea4,2,3,NongRuea4/RPM
NonSung3,NonSung3,OCPP/NONSUNG_3/heartbeat,OCPP/NonSung3/heartbeatPI5,OCPP/NONSUNG_3/meter,OCPP/NonSung3/PowerModule,Nonsung,2,OCPP/NonSung3/PLC,NonSung3,NONSUNG_3,NonSung3,NonSung3,NonSung3,2,3,NonSung3/RPM
NonthaburiBridge,NonthaburiBridge,OCPP/NonthaburiBridge/heartbeat,OCPP/NonthaburiBridge/heartbeatPI5,OCPP/NonthaburiBridge/meter,OCPP/NonthaburiBridge/PowerModule,NonthaburiBridge,2,OCPP/NonthaburiBridge/PLC,NonthaburiBridge,NonthaburiBridge,NonthaburiBridge,NonthaburiBridge,NonthaburiBridge,2,3,NonthaburiBridge/RPM
NP1,NP1,OCPP/NP1/heartbeat,OCPP/NP1/heartbeatPI5,OCPP/NP1/meter,OCPP/NP1/PowerModule,NP1,2,OCPP/NP1/PLC,NP1,NP1,NP1,NP1,NP1,2,3,NP1 /RPM
Pai1_Silhouette,Pai1_Silhouette,OCPP/Pai/heartbeat,OCPP/Pai1_Silhouette/heartbeatPI5,OCPP/Pai/meter,OCPP/Pai1_Silhouette/PowerModule,PAI1,2,OCPP/Pai1_Silhouette/PLC,Pai1_Silhouette,Pai,Pai1_Silhouette,Pai1_Silhouette,Pai1_Silhouette,2,3,PAI1/RPM
PaIn1,PaIn1,OCPP/Elex_PT_PaIn1_1/heartbeat,OCPP/PaIn1/heartbeatPI5,OCPP/Elex_PT_PaIn1_1/meter,OCPP/PaIn1/PowerModule,PratunamPhraIn1,2,OCPP/PaIn1/PLC,PaIn1,PaIn1,PaIn1,PaIn1,PaIn1,2,3,PaIn1/RPM
PakChong2,PakChong2,OCPP/PakChong2/heartbeat,OCPP/PakChong2/heartbeatPI5,OCPP/PakChong2/meter,OCPP/PakChong2/PowerModule,PakChong2,2,OCPP/PakChong2/PLC,PakChong2,PakChong2,PakChong2,PakChong2,PakChong2,2,3,PakChong2/RPM
PakChong3,PakChong3,OCPP/PakChong3/heartbeat,OCPP/PakChong3/heartbeatPI5,OCPP/PakChong3/meter,OCPP/PakChong3/PowerModule,PakChong3,2,OCPP/PakChong3/PLC,PakChong3,PakChong3,PakChong3,PakChong3,PakChong3HB,2,3,PakChong3/RPM
PakChong5,PakChong5,OCPP/Elex_PakChong5_1/heartbeat,OCPP/PakChong5/heartbeatPI5,OCPP/Elex_PakChong5_1/meter,OCPP/PakChong5/PowerModule,Pakchong5,2,OCPP/PakChong5/PLC,PakChong5,PakChong5,PakChong5,PakChong5,PakChong5,2,3,Pakchong5/RPM
PakThongChai2,PakThongChai2,OCPP/PakThongChai2/heartbeat,OCPP/PakThongChai2/heartbeatPI5,OCPP/PakThongChai2/meter,OCPP/PakThongChai2/PowerModule,PakThongChai2,2,OCPP/PakThongChai2/PLC,PakThongChai2,PakThongChai2,PakThongChai2,PakThongChai2,PakThongChai2,2,3,PakThongChai2/RPM
PhanatNikhom3,PhanatNikhom3,OCPP/PhanatNikhom3/heartbeat,OCPP/PhanatNikhom3/heartbeatPI5,OCPP/PhanatNikhom3/meter,OCPP/PhanatNikhom3/PowerModule,PhanatNiKhom3,2,OCPP/PhanatNikhom3/PLC,PhanatNikhom3,PhanatNikhom3,PhanatNikhom3,PhanatNikhom3,PhanatNikhom3,2,3,PhanatNikhom3/RPM
PhanatNikhom7,PhanatNikhom7,OCPP/Elex_DC_PT_PhanatNikhom7_1/heartbeat,OCPP/PhanatNikhom7/heartbeatPI5,OCPP/Elex_DC_PT_PhanatNikhom7_1/meter,OCPP/PhanatNikhom7/PowerModule,PhanatNikhom7,2,OCPP/PhanatNikhom7/PLC,PhanatNikhom7,PhanatNikhom7,PhanatNikhom7,PhanatNikhom7,PhanatNikhom7,2,3,PhanatNikhom7/RPM
PhanomSarakham2,PhanomSarakham2,OCPP/PT100_PhanomSarakham2/heartbeat,OCPP/PhanomSarakham2/heartbeatPI5,OCPP/PT100_PhanomSarakham2/meter,OCPP/PhanomSarakham2/PowerModule,Phanomsarakham2,2,OCPP/PhanomSarakham2/PLC,PhanomSarakham2,PhanomSarakham2,PhanomSarakham2,PhanomSarakham2,PhanomSarakham2,2,3,Phanomsarakham2/RPM
PhanThong3,PhanThong3,OCPP/PT100_PhanThong3/heartbeat,OCPP/PhanThong3/heartbeatPI5,OCPP/PT100_PhanThong3/meter,OCPP/PhanThong3/PowerModule,PhanThong3,2,OCPP/PhanThong3/PLC,PhanThong3,PhanThong3,PhanThong3,PhanThong3,PhanThong3,2,3,PhanThong3/RPM
Phatthananikhom1,Phatthananikhom1,OCPP/Phatthananikhom1/heartbeat,OCPP/Phatthananikhom1/heartbeatPI5,OCPP/Phatthananikhom1/meter,OCPP/Phatthananikhom1/PowerModule,Nikhom1,2,OCPP/Phatthananikhom1/PLC,Phatthananikhom1,Phatthananikhom1,Phatthananikhom1,Phatthananikhom1,Phatthananikhom1,2,3,Phatthananikhom1/RPM
Phatthananikhom2,Phatthananikhom2,OCPP/Elex_PT_Phatthananikhom2_1/heartbeat,OCPP/Phatthananikhom2/heartbeatPI5,OCPP/Elex_PT_Phatthananikhom2_1/meter,OCPP/Phatthananikhom2/PowerModule,Phatthananikhom2,2,OCPP/Phatthananikhom2/PLC,Phatthananikhom2,Phatthananikhom2,Phatthananikhom2,Phatthananikhom2,Phatthana2,2,3,Phatthananikhom2/RPM
PhayuhaKhiri2,PhayuhaKhiri2,OCPP/PhayuhaKhiri2/heartbeat,OCPP/PhayuhaKhiri2/heartbeatPI5,OCPP/PhayuhaKhiri2/meter,OCPP/PhayuhaKhiri2/PowerModule,PhayuhaKhiri2,2,OCPP/PhayuhaKhiri2/PLC,PhayuhaKhiri2,PhayuhaKhiri2,PhayuhaKhiri2,PhayuhaKhiri2,PhayuhaKhiri2,2,3,PhayuhaKhiri2/RPM
Phetchabun1,Phetchabun1,OCPP/PT_Phetchabun1/heartbeat,OCPP/Phetchabun1/heartbeatPI5,OCPP/PT_Phetchabun1/meter,OCPP/Phetchabun1/PowerModule,Phetchabun1,2,OCPP/Phetchabun1/PLC,Phetchabun1,Phetchabun1,Phetchabun1,Phetchabun1,Phetchabun1,2,3,Phetchabun1/RPM
Phitsanulok3,Phitsanulok3,OCPP/PT100_Phitsanulok3/heartbeat,OCPP/Phitsanulok3/heartbeatPI5,OCPP/PT100_Phitsanulok3/meter,OCPP/Phitsanulok3/PowerModule,Nulok3,2,OCPP/Phitsanulok3/PLC,Phitsanulok3,Phitsanulok3,Phitsanulok3,Phitsanulok3,Phitsanulok3,2,3,Nulok3/RPM
Phitsanulok5,Phitsanulok5,OCPP/EleX_PT100_Phitsanulok5_DC_1/heartbeat,OCPP/Phitsanulok5/heartbeatPI5,OCPP/EleX_PT100_Phitsanulok5_DC_1/meter,OCPP/Phitsanulok5/PowerModule,Phitsanulok5,2,OCPP/Phitsanulok5/PLC,Phitsanulok5,Phitsanulok5,Phitsanulok5,Phitsanulok5,Phitsanulok5,2,3,Phitsanulok5/RPM
PHRAE1,PHRAE1,OCPP/PHRAE1/heartbeat,OCPP/PHRAE1/heartbeatPI5,OCPP/PHRAE1/meter,OCPP/PHRAE1/PowerModule,PHRAE1,2,OCPP/PHRAE1/PLC,PHRAE1,PHRAE1,PHRAE1,PHRAE1,PHRAE1,2,3,PHRAE1/RPM
Phraekkasa,Phraekkasa,OCPP/Phraekkasa/heartbeat,OCPP/Phraekkasa/heartbeatPI5,OCPP/Phraekkasa/meter,OCPP/Phraekkasa/PowerModule,Phraekkasa,2,OCPP/Phraekkasa/PLC,Phraekkasa,Phraekkasa,Phraekkasa,Phraekkasa,Phraekkasa,2,3,Phraekkasa/RPM
Phratep1,Phratep1,OCPP/Thanon_phartep/heartbeat,OCPP/Phratep1/heartbeatPI5,OCPP/Thanon_phartep/meter,OCPP/Phratep1/PowerModule,Thanonphartep,2,OCPP/Phratep1/PLC,Phratep1,Thanon phartep,Phratep1,Phratep1,Phratep1,2,3,Thanonphartep/RPM
PhromBuri2,PhromBuri2,OCPP/Elex_DC_PT_PhromBuri2_1/heartbeat,OCPP/PhromBuri2/heartbeatPI5,OCPP/Elex_DC_PT_PhromBuri2_1/meter,OCPP/PhromBuri2/PowerModule,PhromBuri2,2,OCPP/PhromBuri2/PLC,PhromBuri2,PhromBuri2,PhromBuri2,PhromBuri2,PhromBuri2,2,3,PhromBuri2/RPM
PhromPhiram6,PhromPhiram6,OCPP/PT100_PhromPhiram6/heartbeat,OCPP/PhromPhiram6/heartbeatPI5,OCPP/PT100_PhromPhiram6/meter,OCPP/PhromPhiram6/PowerModule,Phrom,2,OCPP/PhromPhiram6/PLC,PhromPhiram6,PhromPhiram6,PhromPhiram6,PhromPhiram6,PhromPhiram6,2,3,PhromPhiram6/RPM
Phutthamonthon3,Phutthamonthon3,OCPP/Phutthamonthon3/heartbeat,OCPP/Phutthamonthon3/heartbeatPI5,OCPP/Phutthamonthon3/meter,OCPP/Phutthamonthon3/PowerModule,Phutthamonthon3,2,OCPP/Phutthamonthon3/PLC,Phutthamonthon3,Phutthamonthon3,Phutthamonthon3,Phutthamonthon3,Phutthamonthon3,2,3,Phutthamonthon3/RPM
Phutthamonthon4,Phutthamonthon4,OCPP/Elex_PT_Phutthamonthon4_1/heartbeat,OCPP/Phutthamonthon4/heartbeatPI5,OCPP/Elex_PT_Phutthamonthon4_1/meter,OCPP/Phutthamonthon4/PowerModule,Phutthamonthon4,2,OCPP/Phutthamonthon4/PLC,Phutthamonthon4,Phutthamonthon4,Phutthamonthon4,Phutthamonthon4,Phutthamonthon4,2,3,Phutthamonthon4/RPM
Phutthamonthon5,Phutthamonthon5,OCPP/Phutthamonthon5/heartbeat,OCPP/Phutthamonthon5/heartbeatPI5,OCPP/Phutthamonthon5/meter,OCPP/Phutthamonthon5/PowerModule,Monthon5,2,OCPP/Phutthamonthon5/PLC,Phutthamonthon5,Phutthamonthon5,Phutthamonthon5,Phutthamonthon5,Phutthamonthon5,2,3,Monthon5/RPM
Poomipol,Poomipol,OCPP/Poomipol/heartbeat,OCPP/Poomipol/heartbeatPI5,OCPP/Poomipol/meter,OCPP/Poomipol/PowerModule,Poomipol,2,OCPP/Poomipol/PLC,Poomipol,Poomipol,Poomipol,Poomipol,Poomipol,2,3,Poomipol/RPM
Pranburi2,Pranburi2,OCPP/Elex_PT_Pranburi2_1/heartbeat,OCPP/Pranburi2/heartbeatPI5,OCPP/Elex_PT_Pranburi2_1/meter,OCPP/Pranburi2/PowerModule,Pranburi2,2,OCPP/Pranburi2/PLC,Pranburi2,Pranburi2,Pranburi2,Pranburi2,Pranburi2,2,3,Pranburi2/RPM
Prasat6,Prasat6,OCPP/Elex_DC_PT_Prasat6_1/heartbeat,OCPP/Prasat6/heartbeatPI5,OCPP/Elex_DC_PT_Prasat6_1/meter,OCPP/Prasat6/PowerModule,Prasat6,2,OCPP/Prasat6/PLC,Prasat6,Prasat6,Prasat6,Prasat6,Prasat6,2,3,Prasat6/RPM
Prawet4,Prawet4,OCPP/Elex_PT_Prawet4_1/heartbeat,OCPP/Prawet4/heartbeatPI5,OCPP/Elex_PT_Prawet4_1/meter,OCPP/Prawet4/PowerModule,Prawet4,2,OCPP/Prawet4/PLC,Prawet4,Prawet4,Prawet4,Prawet4,Prawet4,2,3,Prawet4/RPM
Rama2km26,Rama2km26,OCPP/Elex_Rama2km26_1/heartbeat,OCPP/Rama2km26/heartbeatPI5,OCPP/Elex_Rama2km26_1/meter,OCPP/Rama2km26/PowerModule,Rama2km26,2,OCPP/Rama2km26/PLC,Rama2km26,Rama2km26,Rama2km26,Rama2km26,Rama2km26,2,3,Rama2km26/RPM
Rama2km53,Rama2km53,OCPP/Elex_Rama2km53_1/heartbeat,OCPP/Rama2km53/heartbeatPI5,OCPP/Elex_Rama2km53_1/meter,OCPP/Rama2km53/PowerModule,Rama2km53,2,OCPP/Rama2km53/PLC,Rama2km53,Rama2km53,Rama2km53,Rama2km53,Rama2km53,2,3,Rama2km53/RPM
RamInthra40,RamInthra40,OCPP/EleX_RamInthra40_1/heartbeat,OCPP/RamInthra40/heartbeatPI5,OCPP/EleX_RamInthra40_1/meter,OCPP/RamInthra40/PowerModule,RamInthra40,2,OCPP/RamInthra40/PLC,RamInthra40,RamInthra40,RamInthra40,RamInthra40,RamInthra40,2,3,RamInthra40/RPM
Ranong1,Ranong1,OCPP/Ranong1/heartbeat,OCPP/Ranong1/heartbeatPI5,OCPP/Ranong1/meter,OCPP/Ranong1/PowerModule,Ranong1,2,OCPP/Ranong1/PLC,Ranong1,Ranong1,Ranong1,Ranong1,Ranong1,2,3,Ranong1/RPM
Ratchaburi7,Ratchaburi7,OCPP/PT_Ratchaburi_7/heartbeat,OCPP/Ratchaburi7/heartbeatPI5,OCPP/PT_Ratchaburi_7/meter,OCPP/Ratchaburi7/PowerModule,Ratchaburi7,2,OCPP/Ratchaburi7/PLC,Ratchaburi7,Ratchaburi7,Ratchaburi7,Ratchaburi7,Ratchaburi7,2,3,Ratchaburi7/RPM
Ratchaphruek,Ratchaphruek,OCPP/EleX_Ratchaphruek_DC_1/heartbeat,OCPP/Ratchaphruek/heartbeatPI5,OCPP/EleX_Ratchaphruek_DC_1/meter,OCPP/Ratchaphruek/PowerModule,Ratchaphruek,2,OCPP/Ratchaphruek/PLC,Ratchaphruek,Ratchaphruek,Ratchaphruek,Ratchaphruek,Ratchaphruek,2,3,Ratchaphruek/RPM
SamKhok3,SamKhok3,OCPP/Elex_PT_SamKhok3_1/heartbeat,OCPP/SamKhok3/heartbeatPI5,OCPP/Elex_PT_SamKhok3_1/meter,OCPP/SamKhok3/PowerModule,SamKhok3,2,OCPP/SamKhok3/PLC,SamKhok3,SamKhok3,Samkhok3,SamKhok3,SamKhok3,2,3,SamKhok3/RPM
SamRoiYot1,SamRoiYot1,OCPP/Elex_DC_PT_SamRoiYot1_1/heartbeat,OCPP/SamRoiYot1/heartbeatPI5,OCPP/Elex_DC_PT_SamRoiYot1_1/meter,OCPP/SamRoiYot1/PowerModule,SamRoiYot1,2,OCPP/SamRoiYot1/PLC,SamRoiYot1,SamRoiYot1,SamRoiYot1,SamRoiYot1,SamRoiYot1,2,3,SamRoiYot1/RPM
Samutprakan2,Samutprakan2,OCPP/EleX_Samutprakan2_DC_1/heartbeat,OCPP/Samutprakan2/heartbeatPI5,OCPP/EleX_Samutprakan2_DC_1/meter,OCPP/Samutprakan2/PowerModule,Samutprakan2,2,OCPP/Samutprakan2/PLC,Samutprakan2,Samutprakan2,Samutprakan2,Samutprakan2,Samutprakan2,2,3,Samutprakan2/RPM
Samutprakan5,Samutprakan5,OCPP/PT100_Samutprakan5_DC_1/heartbeat,OCPP/Samutprakan5/heartbeatPI5,OCPP/PT100_Samutprakan5_DC_1/meter,OCPP/Samutprakan5/PowerModule,Samutprakan5,2,OCPP/Samutprakan5/PLC,Samutprakan5,Samutprakan5,Samutprakan5,Samutprakan5,Samutprakan5,2,3,Samutprakan5/RPM
Samutsongkhram4,Samutsongkhram4,OCPP/Elex_Samutsongkhram4_1/heartbeat,OCPP/Samutsongkhram4/heartbeatPI5,OCPP/Elex_Samutsongkhram4_1/meter,OCPP/Samutsongkhram4/PowerModule,Samutsongkhram4,2,OCPP/Samutsongkhram4/PLC,Samutsongkhram4,Samutsongkhram4,Samutsongkhram4,Samutsongkhram4,Samutsongkhram4,2,3,Samutsongkhram4/RPM
Sangkha3,Sangkha3,OCPP/PT_Sangkha3/heartbeat,OCPP/Sangkha3/heartbeatPI5,OCPP/Sangkha3/meter,OCPP/Sangkha3/PowerModule,Sangkha3,2,OCPP/Sangkha3/PLC,Sangkha3,Sangkha3,Sangkha3,Sangkha3,Sangkha3,2,3,Sangkha3/RPM
SanKamphaeng6,SanKamphaeng6,OCPP/PT100_SanKamphaeng6/heartbeat,OCPP/SanKamphaeng6/heartbeatPI5,OCPP/PT100_SanKamphaeng6/meter,OCPP/SanKamphaeng6/PowerModule,SanKam6,2,OCPP/SanKamphaeng6/PLC,SanKamphaeng6,SanKamphaeng6,SanKamphaeng6,SanKamphaeng6,SanKamphaeng6,2,3,SanKam6/RPM
SanSai4,SanSai4,OCPP/SanSai4/heartbeat,OCPP/SanSai4/heartbeatPI5,OCPP/SanSai4/meter,OCPP/SanSai4/PowerModule,SanSai4,2,OCPP/SanSai4/PLC,SanSai4,SanSai4,SanSai4,SanSai4,SanSai4,2,3,SanSai4/RPM
SaphanSung,SaphanSung,OCPP/EleX_PT100_SaphanSung_DC_1/heartbeat,OCPP/SaphanSung/heartbeatPI5,OCPP/EleX_PT100_SaphanSung_DC_1/meter,OCPP/SaphanSung/PowerModule,SaphanSung,2,OCPP/SaphanSung/PLC,SaphanSung,SaphanSung,SaphanSung,SaphanSung,SaphanSung,2,3,SaphanSung/RPM
Saraphi2,Saraphi2,OCPP/Saraphi2/heartbeat,OCPP/Saraphi2/heartbeatPI5,OCPP/Saraphi2/meter,OCPP/Saraphi2/PowerModule,Saraphi2,2,OCPP/Saraphi2/PLC,Saraphi2,Saraphi2,Saraphi2,Saraphi2,Saraphi2,2,3,Saraphi2/RPM
Sikhio1,Sikhio1,OCPP/PT_Sikhio1/heartbeat,OCPP/Sikhio1/heartbeatPI5,OCPP/PT_Sikhio1/meter,OCPP/Sikhio1/PowerModule,Sikhio1,2,OCPP/Sikhio1/PLC,Sikhio1,Sikhio1,Sikhio1,Sikhio1,Sikhio1,2,3,Sikhio/RPM
Sikhio6,Sikhio6,OCPP/EleX_PT100_Sikhio6_1/heartbeat,OCPP/Sikhio6/heartbeatPI5,OCPP/EleX_PT100_Sikhio6_1/meter,OCPP/Sikhio6/PowerModule,Sikhio6,2,OCPP/Sikhio6/PLC,Sikhio6,Sikhio6,Sikhio6,Sikhio6,Sikhio6,2,3,Sikhio6/RPM
Siracha7,Siracha7,OCPP/PT100_Siracha7/heartbeat,OCPP/Siracha7/heartbeatPI5,OCPP/PT100_Siracha7/meter,OCPP/Siracha7/PowerModule,Siracha7,2,OCPP/Siracha7/PLC,Siracha7,Siracha7,Siracha7,Siracha7,Siracha7,2,3,Siracha7/RPM
Siracha8,Siracha8,OCPP/Siracha8/heartbeat,OCPP/Siracha8/heartbeatPI5,OCPP/Siracha8/meter,OCPP/Siracha8/PowerModule,Siracha8,2,OCPP/Siracha8/PLC,Siracha8,Siracha8,Siracha8,Siracha8,Siracha8,2,3,Siracha8/RPM
Siribaibun1,Siribaibun1,OCPP/Siribaibun1/heartbeat,OCPP/Siribaibun1/heartbeatPI5,OCPP/Siribaibun1/meter,OCPP/Siribaibun1/PowerModule,Siribaibun1,2,OCPP/Siribaibun1/PLC,Siribaibun1,Siribaibun1,Siribaibun1,Siribaibun1,Siribaibun1HB,2,3,Siribaibun1/RPM
Siribaibun2,Siribaibun2,OCPP/Siribaibun2/heartbeat,OCPP/Siribaibun2/heartbeatPI5,OCPP/Siribaibun2/meter,OCPP/Siribaibun2/PowerModule,Siribaibun2,2,OCPP/Siribaibun2/PLC,Siribaibun2,Siribaibun2,Siribaibun2,Siribaibun2,Siribaibun2HB,2,3,Siribaibun2/RPM
SNR1,SNR1,OCPP/SNR/heartbeat,OCPP/SNR1/heartbeatPI5,OCPP/SNR/meter,OCPP/SNR1/PowerModule,SNR1,2,OCPP/SNR1/PLC,SNR1,SNR,SNR1,SNR1,SNR1,2,3,SNR1/RPM
SopPrap,SopPrap,OCPP/PT100_SopPrap_DC_1/heartbeat,OCPP/SopPrap/heartbeatPI5,OCPP/PT100_SopPrap_DC_1/meter,OCPP/SopPrap/PowerModule,SopPrap,2,OCPP/SopPrap/PLC,SopPrap,SopPrap,SopPrap,SopPrap,SopPrap,2,3,SopPrap/RPM
SRT1,SRT1,OCPP/SRT1/heartbeat,OCPP/SRT1/heartbeatPI5,OCPP/SRT1/meter,OCPP/SRT1/PowerModule,SRT1,2,OCPP/SRT1/PLC,SRT1,SRT1,SRT1,SRT1,SRT1,2,3,SRT1/RPM
SuwinthawonKm28,SuwinthawonKm28,OCPP/Elex_SuwinthawonKm28_1/heartbeat,OCPP/SuwinthawonKm28/heartbeatPI5,OCPP/Elex_SuwinthawonKm28_1/meter,OCPP/SuwinthawonKm28/PowerModule,SuwinthawonKm28,2,OCPP/SuwinthawonKm28/PLC,SuwinthawonKm28,SuwinthawonKm28,SuwinthawonKm28,SuwinthawonKm28,SuwinthawonKm28,2,3,SuwinthawonKm28/RPM
Swangweerawong,Swangweerawong,OCPP/Elex_DC_PT_Swangweerawong_1/heartbeat,OCPP/Swangweerawong/heartbeatPI5,OCPP/Elex_DC_PT_Swangweerawong_1/meter,OCPP/Swangweerawong/PowerModule,Swangweerawong,2,OCPP/Swangweerawong/PLC,Swangweerawong,Swangweerawong_1,Swangweerawong,Swangweerawong,Swangweerawong,2,3,Swangweerawong/RPM
TACT30KW,TACT30KW,OCPP/TACT30KW/heartbeat,OCPP/TACT30KW/heartbeatPI5,OCPP/TACT30KW/meter,OCPP/TACT30KW/PowerModule,TACT30KW,1,OCPP/TACT30KW/PLC,TACT30KW,TACT30KW,TACT30KW,TACT30KW,TACT30KWHB,2,3,TACT30KW/RPM
Tak,Tak,OCPP/Elex_BPTG_Tak_1/heartbeat,OCPP/Tak/heartbeatPI5,OCPP/Elex_BPTG_Tak_1/meter,OCPP/Tak/PowerModule,BPTG_Tak,2,OCPP/Tak/PLC,Tak,Tak_1,Tak,Tak,Tak,2,3,BPTG_Tak/RPM
Tak2,Tak2,OCPP/EleX_PT100_Tak2_1/heartbeat,OCPP/Tak2/heartbeatPI5,OCPP/EleX_PT100_Tak2_1/meter,OCPP/Tak2/PowerModule,Tak2,2,OCPP/Tak2/PLC,Tak2,Tak2,Tak2,Tak2,Tak2,2,3,Tak2/RPM
Taphong3,Taphong3,OCPP/Taphong3/heartbeat,OCPP/Taphong3/heartbeatPI5,OCPP/Taphong3/meter,OCPP/Taphong3/PowerModule,Taphong3,2,OCPP/Taphong3/PLC,Taphong3,Taphong3,Taphong3,Taphong3,Taphong3,2,3,Taphong3/RPM
TaSai2,TaSai2,OCPP/EleX_TaSai2_1/heartbeat,OCPP/TaSai2/heartbeatPI5,OCPP/EleX_TaSai2_1/meter,OCPP/TaSai2/PowerModule,TaSai2,2,OCPP/TaSai2/PLC,TaSai2,TaSai2,TaSai2,TaSai2,TaSai2,2,3,TaSai2/RPM
ThaMaka3,ThaMaka3,OCPP/Elex_DC_PT_ThaMaka3_1/heartbeat,OCPP/ThaMaka3/heartbeatPI5,OCPP/Elex_DC_PT_ThaMaka3_1/meter,OCPP/ThaMaka3/PowerModule,ThaMaka3,2,OCPP/ThaMaka3/PLC,ThaMaka3,ThaMaka3,ThaMaka3,ThaMaka3,ThaMaka3,2,3,ThaMaka3/RPM
ThanonChan,ThanonChan,OCPP/Thanon_Chan/heartbeat,OCPP/ThanonChan/heartbeatPI5,OCPP/Thanon_Chan/meter,OCPP/ThanonChan/PowerModule,ThanonChan,2,OCPP/ThanonChan/PLC,ThanonChan,Thanon Chan,ThanonChan,ThanonChan,ThanonChan,2,3,ThanonChan/RPM
ThanonChaoKhunThahan3,ThanonChaoKhunThahan3,OCPP/ThanonChaoKhunThahan3/heartbeat,OCPP/ThanonChaoKhunThahan3/heartbeatPI5,OCPP/ThanonChaoKhunThahan3/meter,OCPP/ThanonChaoKhunThahan3/PowerModule,ThanonChaoKhunThahan3,2,OCPP/ThanonChaoKhunThahan3/PLC,ThanonChaoKhunThahan3,ThanonChaoKhunThahan3,ThanonChaoKhunThahan3,ThanonChaoKhunThahan3,ThanonChaoKhunThahan3,2,3,ThanonChaoKhunThahan3/RPM
ThanonPhutthaBucha1,ThanonPhutthaBucha1,OCPP/ThanonPhutthaBucha1/heartbeat,OCPP/ThanonPhutthaBucha1/heartbeatPI5,OCPP/ThanonPhutthaBucha1/meter,OCPP/ThanonPhutthaBucha1/PowerModule,ThanonPhutthaBucha1,2,OCPP/ThanonPhutthaBucha1/PLC,ThanonPhutthaBucha1,ThanonPhutthaBucha1,ThanonPhutthaBucha1,ThanonPhutthaBucha1,ThanonPhutthaBucha1,2,3,ThanonPhutthaBucha1/RPM
ThanonRatUthit2,ThanonRatUthit2,OCPP/Elex_PT100_ThanonRatUthit2_1/heartbeat,OCPP/ThanonRatUthit2/heartbeatPI5,OCPP/Elex_PT100_ThanonRatUthit2_1/meter,OCPP/ThanonRatUthit2/PowerModule,ThanonRatUthit2,2,OCPP/ThanonRatUthit2/PLC,ThanonRatUthit2,ThanonRatUthit2,ThanonRatUthit2,ThanonRatUthit2,ThanonRatUthit2,2,3,ThanonRatUthit2/RPM
ThanonSukprayu1,ThanonSukprayu1,OCPP/PT100_ThanonSukprayu1/heartbeat,OCPP/ThanonSukprayu1/heartbeatPI5,OCPP/PT100_ThanonSukprayu1/meter,OCPP/ThanonSukprayu1/PowerModule,Prayu1,2,OCPP/ThanonSukprayu1/PLC,ThanonSukprayu1,ThanonSukprayu1,ThanonSukprayu1,ThanonSukprayu1,Sukprayu1,2,3,ThanonSukprayu1/RPM
Thepharak2,Thepharak2,OCPP/EleX_Thepharak2_DC_1/heartbeat,OCPP/Thepharak2/heartbeatPI5,OCPP/EleX_Thepharak2_DC_1/meter,OCPP/Thepharak2/PowerModule,Thepharak2,2,OCPP/Thepharak2/PLC,Thepharak2,Thepharak2,Thepharak2,Thepharak2,Thepharak2,2,3,Thepharak2/RPM
Thepharak4,Thepharak4,OCPP/Thepharak4/heartbeat,OCPP/Thepharak4/heartbeatPI5,OCPP/Thepharak4/meter,OCPP/Thepharak4/PowerModule,Thepharak4,2,OCPP/Thepharak4/PLC,Thepharak4,Thepharak4,Thepharak4,Thepharak4,Thepharak4,2,3,Thepharak4/RPM
Thoen3,Thoen3,OCPP/PT100_Thoen3/heartbeat,OCPP/Thoen3/heartbeatPI5,OCPP/PT100_Thoen3/meter,OCPP/Thoen3/PowerModule,Thoen3,2,OCPP/Thoen3/PLC,Thoen3,Thoen3,Thoen3,Thoen3,Thoen3,2,3,Thoen3/RPM
Thungtako1,Thungtako1,OCPP/Elex_Thungtako1_1/heartbeat,OCPP/Thungtako1/heartbeatPI5,OCPP/Elex_Thungtako1_1/meter,OCPP/Thungtako1/PowerModule,Thungtako1,2,OCPP/Thungtako1/PLC,Thungtako1,Thungtako1,Thungtako1,Thungtako1,Thungtako1,2,3,Thungtako1/RPM
UdonThani,UdonThani,OCPP/PT_UdonThani_1/heartbeat,OCPP/UdonThani/heartbeatPI5,OCPP/PT_UdonThani_1/meter,OCPP/UdonThani/PowerModule,UdonThani5,2,OCPP/UdonThani/PLC,UdonThani,UdonThani_1,UdonThani,UdonThani,UdonThani,2,3,UdonThani5/RPM
UThai,UThai,OCPP/PT_UThai/heartbeat,OCPP/UThai/heartbeatPI5,OCPP/PT_UThai/meter,OCPP/UThai/PowerModule,Uthai1,2,OCPP/UThai/PLC,Uthai,UThai,UThai,UThai,UThai,2,3,UThai/RPM
Uttaradit,Uttaradit,OCPP/PT100_Uttaradit/heartbeat,OCPP/Uttaradit/heartbeatPI5,OCPP/PT100_Uttaradit/meter,OCPP/Uttaradit/PowerModule,Radit1,2,OCPP/Uttaradit/PLC,Uttaradit,Uttaradit,Uttaradit,Uttaradit,Uttaradit,2,3,Uttaradit1/RPM
VibhavadiRangsit1,VibhavadiRangsit1,OCPP/Vibhavadi/heartbeat,OCPP/VibhavadiRangsit1/heartbeatPI5,OCPP/Vibhavadi/meter,OCPP/VibhavadiRangsit1/PowerModule,Vibhavadi,2,OCPP/VibhavadiRangsit1/PLC,VibhavadiRangsit1,Vibhavadi,VibhavadiRangsit1,VibhavadiRangsit1,Vibhavadi,2,3,VibhavadiRangsit1/RPM
VRK,VRK,OCPP/VRK/heartbeat,OCPP/VRK/heartbeatPI5,OCPP/VRK/meter,OCPP/VRK/PowerModule,VRK,2,OCPP/VRK/PLC,VRK2,VRK2,VRK2,VRK2,VRK2,2,3,VRK/RPM
VRK1,VRK1,OCPP/VRK1/heartbeat,OCPP/VRK1/heartbeatPI5,OCPP/VRK1/meter,OCPP/VRK1/PowerModule,VRK1,2,OCPP/VRK1/PLC,VRK1,VRK1,VRK1,VRK1,VRK1,2,3,VRK1/RPM
Wachirabarami1,Wachirabarami1,OCPP/Elex_DC_PT_Wachirabarami1_1/heartbeat,OCPP/Wachirabarami1/heartbeatPI5,OCPP/Elex_DC_PT_Wachirabarami1_1/meter,OCPP/Wachirabarami1/PowerModule,Wachirabarami1,2,OCPP/Wachirabarami1/PLC,Wachirabarami1,Wachirabarami1,Wachirabarami1,Wachirabarami1,Wachirabarami1,2,3,Wachirabarami1/RPM
Wangnoi3,Wangnoi3,OCPP/PT_Wangnoi3/heartbeat,OCPP/Wangnoi3/heartbeatPI5,OCPP/PT_Wangnoi3/meter,OCPP/Wangnoi3/PowerModule,Wangnoi3,2,OCPP/Wangnoi3/PLC,Wangnoi3,Wangnoi3,Wangnoi3,Wangnoi3,Wangnoi3,2,3,Wangnoi3/RPM
Wangnoi4,Wangnoi4,OCPP/PT_Wangnoi4/heartbeat,OCPP/Wangnoi4/heartbeatPI5,OCPP/PT_Wangnoi4/meter,OCPP/Wangnoi4/PowerModule,Wangnoi4,2,OCPP/Wangnoi4/PLC,Wangnoi4,Wangnoi4,Wangnoi4,Wangnoi4,Wangnoi4,2,3,Wangnoi4/RPM
Wattananakhon3,Wattananakhon3,OCPP/Elex_DC_PT_Wattananakhon3_1/heartbeat,OCPP/Wattananakhon3/heartbeatPI5,OCPP/Elex_DC_PT_Wattananakhon3_1/meter,OCPP/Wattananakhon3/PowerModule,Wattananakhon3,2,OCPP/Wattananakhon3/PLC,Wattananakhon3,Wattananakhon3,Wattananakhon3,Wattananakhon3,Wattananakhon3,2,3,Wattananakhon3/RPM
Yasothon,Yasothon,OCPP/Yasothon/heartbeat,OCPP/Yasothon/heartbeatPI5,OCPP/Yasothon/meter,OCPP/Yasothon/PowerModule,Yasothon,2,OCPP/Yasothon/PLC,Yasothon,Yasothon,Yasothon,Yasothon,Yasothon,2,3,Yasothon/RPM
